"","variable","value.x","value.y","value"
"1","Ch. Inv/GDP.lag1",-0.00082,-0.00082,-0.00082
"2","NAPM:ORD.lag1",0.227224,0.227224,0.227224
"3","Cons. Expectations.lag1",0.151503,0.151503,0.151503
"4","Urate_ST.lag2",0.017229,0.017229,0.017229
"5","NAPM com price.lag2",-0.012075,-0.012075,-0.012075
"6","Urate_ST.lag3",0.011642,0.011642,0.011642
