"","variable","value.x","value.y","value"
"1","NAPM:ORD.lag1",0.032815,0.032891,0.032891
"2","Cons. Expectations.lag1",0.035526,0.036127,0.036127
"3","D.Cons:Svc.lag1",0.19161,0.191526,0.191526
"4","D.FixedInv:Res.lag1",0.194452,0.194408,0.194408
"5","D.IP: Nondur gds materials.lag1",0.072802,0.072666,0.072666
"6","D.Emp:SlackWk.lag1",-0.020897,-0.020898,-0.020898
"7","D.S&P 500.lag1",0.02865,0.028662,0.028662
